{"cameraMode":{"drawMode":0,"name":"Shaded","section":"Shading Mode"},"sceneLighting":true,"audioPlay":false,"sceneViewState":{"showFog":true,"showMaterialUpdate":true,"showSkybox":true,"showFlares":true,"showImageEffects":true,"showParticleSystems":true},"in2DMode":false,"pivot":{"x":3.7899045944213869,"y":-2.7194793224334719,"z":0.7219719886779785},"rotation":{"x":-0.06672541052103043,"y":-0.8661730885505676,"z":0.12029704451560974,"w":-0.4804379642009735},"size":12.428969383239746,"orthographic":false}